year,acres
2008,6683.0807
2009,6681.9311
2010,6711.4672
2011,6837.13819999997
2012,6886.73739999996
2013,6915.48839999996
2014,6952.06869999997
2015,6947.12769999997
2016,7008.02979999998
